Periodo,Indice
202108,143.714276987
202109,144.614143620
202110,145.503253995
202112,146.368206969
202201,147.195600954
202202,147.972224731
202203,148.688302303
202204,149.341767268
202205,149.936545680
202206,150.481923803
202207,150.991438907
202208,151.476882269
202209,151.948584558
202210,152.418858211
