Periodo,Indice
202108,142.821372659365
202109,143.714276987292
202110,144.614143619855
202111,145.503253994792
202112,146.368206969018
202201,147.1956009536
202202,147.972224730631
202203,148.68830230274
202204,149.341767268121
202205,149.936545680258
202206,150.481923802984
202207,150.99143890697
202208,151.476882269296
202209,151.948584557523
202210,152.418858211195
